ボール,0
フードプロセッサー,1
フライパン,2
キッチンはさみ,3
キッチンはさみ,4
包丁,5
ペティーナイフ,6
三徳包丁,7
ゴムベラ,8
器,9
丼ぶり,10
ミキシングボウル,11
小鉢,12
中鉢,13
大鉢,14
和食器,15
煮物鉢,16
取り皿,17
鍋,18
ソースパン,19
温度計,20
スポンジケーキ型,21
型,22
リンゴの芯抜き器,23
アップルカッター,24
フルーツカッター,25
ベイスター ,26
ビスケットカッター ,27
ビスケットプレス ,28
ブロートーチ ,29
ポットウォッチャー,30
栓抜き,31
パン切りナイフ ,32
バターカーラー ,33
ケーキサーバー,34
パイサーバー,35
チーズナイフ ,36
チーズクロス,37
シェフナイフ ,38
種取り器,39
牛刀包丁,40
ざる,41
ステンレスざる,42
コルク抜き,43
カニバサミ,44
カニフォーク,45
まな板,46
生地スクレーパー ,47
卵の穴あけ器,48
エッグポーチャー,49
エッグセパレーター,50
エッグスライサー ,51
エッグタイマー ,52
魚焼き器,53
フィレナイフ ,54
うろこ引き,55
粉ふるい,56
ファンネル,57
ガーリックプレス,58
おろし金,59
すりおろし器,60
すり鉢,61
ハーブチョッパー ,62
お玉・おたま,63
レモンスクイーザー、絞り器,64
ロブスターフォーク,65
スライサー,66
パスタポット,67
計量カップ ,68
計量スプーン ,69
肉挽き器 ,70
ミートテンダライザー,71
肉用温度計 ,72
メロンボーラー ,73
メッツァルーナ ,74
すり鉢とすりこぎ,75
くるみ割り,76
ナツメグミル,77
オーブンミット,78
絞り出し袋,79
ペストリーブレンダー ,80
ペストリーブラシ ,81
ペストリーホイール ,82
ピール ,83
ピーラー ,84
コショウひき ,85
パイバード,86
ピザカッター,87
ポテトマッシャー,88
ポテトライサー,89
ポットホルダー,90
炊飯器,91
炊飯ジャー,92
ライスクッカー,93
スライサー,94
パイローラー,95
めん棒,96
塩入れ,97
砂糖いれ,98
スケール,99
はかり,100
キッチンスケール,101
スクープ,102
貝むきナイフ,103
粉ふるい器,104
スロットスプーン,105
網じゃくし,106
料理用温度計,107
食品用温度計,108
缶切り,109
トマトナイフ,110
トング,111
木製スプーン,112
ゼスター,113
たこ焼き器,114
保存容器,115
お弁当箱,116
ミキサー,117
菜箸,118
刷毛,119
メッシュローラー,120
ブリオッシュ型,121
メジャーリングカップ,122
計量カップ,123
ベーキングシート,124
ワックスペーパー,125
ケーキクーラー,126
耐熱容器,127
スフレ,128
耐熱皿,129
圧力鍋,130
タジン鍋,131
無水鍋,132
ホームベーカリ,133
ホーロー鍋,134
シリコンスチーマー,135
中華鍋,136
スープジャー,137
ノンフライヤー,138
ミルサー,139
すりこ木,140
蒸し器,141
蒸し皿,142
シリコンスチーマー,143
スケッパー,144
タルト台,145
タルト型,146
ピーラー,147
皮むき器,148
ジューサー,149
水切りラック,150
竹串,151
ステンレス焼き串,152
ティーキャディースプーン,153
アイスクリームメーカー,154
だしポット,155
石鍋,156
ひのき,157
こね鉢,158
レードル,159
保存容器,160
漬物容器,161
土鍋,162
鍋フタ,163
木製ヘラ,164
ホットプレート,165
チーズフォンデュセット,166
泡立て器,167
料理敷紙,168
オーブンペーパー,169
湯せん用ボール,170
オーブン天板,171
ハンドミキサー,172
ホームベーカリー,173
テリーヌ型,174
硫酸紙,175
肉用温度計,176
クッキー型,177
海苔パンチ,178
ピック,179
大皿,180
中皿,181
小皿,182
フライ返し,183
